Time (ms), Air Pressure (P)
1634364264,2.7436049626411075e+23
1634364264,2.7436049626411075e+23
1634364264,2.7436049626411075e+23
1634364264,2.7436049626411075e+23
1634364264,2.7436049626411075e+23
1634364264,2.7436049626411075e+23
1634364264,2.7436049626411075e+23
1634364264,2.7436049626411075e+23
1936026478,1.8651548121252602e+31
1936157550,1.8651548121252602e+31
1936157550,1.8651548121252602e+31
1936157550,1.8651548121252602e+31
