Time (ms), External Temperature (C)
1634364523,5.664525635399527e+25
1634364523,5.664525635399527e+25
1634364523,5.664525635399527e+25
1634364523,5.664525635399527e+25
