Time (ms), Internal Temperature (C)
2002870625,0.0001758382422849536
2002870625,0.0001758382422849536
2002870625,0.0001758382422849536
2002870625,0.0001758382422849536
2002870625,0.0001758382422849536
2002870625,0.0001758382422849536
2002870625,0.0001758382422849536
2002870625,0.0001758382422849536
1634101867,2.743972456370701e+23
1634101867,2.743972456370701e+23
1634101867,2.743972456370701e+23
1634101867,2.743972456370701e+23
