Time (ms), Relative Humidity (percent)
1785031274,6.933661166502143e+25
1785031274,6.933661166502143e+25
1785031274,6.933661166502143e+25
1785031274,6.933661166502143e+25
1785031274,6.933661166502143e+25
1785031274,6.933661166502143e+25
1785031274,6.933661166502143e+25
1785031274,6.933661166502143e+25
1936354156,2.2658104386272517e+26
1936354156,2.2658104386272517e+26
1936354156,2.2658104386272517e+26
1936354156,2.2658104386272517e+26
